title,url
Mac安装Brew超时处理办法,http://www.crazyant.net/3789.html
Docker的官方Python镜像源,http://www.crazyant.net/3783.html
Anaconda软件包国内清华源下载地址,http://www.crazyant.net/3779.html
Pyinstaller打包排查常见问题,http://www.crazyant.net/3776.html
Django的ModelForm一直不更新数据，服务重启才会更新数据的BUG,http://www.crazyant.net/3773.html
非conda环境，怎样给pycharm安装技术库,http://www.crazyant.net/3767.html
Gpt：自由职业者，收入不稳定，有几天没收入就很焦虑，正常吗，怎么办？,http://www.crazyant.net/3765.html
Pandas的str.extract抽取字段后，什么时候要加[0]什么时候不需要加？,http://www.crazyant.net/3759.html
title,url
Conda技巧：修改Conda环境目录，节省系统盘空间,http://www.crazyant.net/3754.html
转：您应该尝试的 FastAPI 的 5 个高级功能,http://www.crazyant.net/3746.html
FastAPI的一些优点,http://www.crazyant.net/3743.html
FastAPI结合Scikit-Learn和Docker部署机器学习模型,http://www.crazyant.net/3740.html
Python微信自动化AI机器人技术方案,http://www.crazyant.net/3737.html
扣子AI支持自己提交知识库,http://www.crazyant.net/3734.html
NtChat做微信自动化的Python库,http://www.crazyant.net/3731.html
Python使用docxtpl生成多行多列Table的word,http://www.crazyant.net/3711.html
